Location / Property Name,Type,Beds,Baths,Square Footage (Approx.),Monthly Rent Range,Estimated Price Per Square Foot (PPSF),
"Tonawanda, NY / North Tonawanda",,,,,,,
600 River Road Apartments,Luxury Apt/Condo,Studio,1,785 - 945 sq ft,"$1,695 - $1,785",$1.90 - $2.16,
600 River Road Apartments,Luxury Apt/Condo,1,1,860 sq ft,"$1,695",$1.97,
600 River Road Apartments,Luxury Apt/Condo,2,2,"1,035 - 1,700 sq ft","$1,995 - $4,995",$1.93 - $2.94,
600 River Road Apartments,Luxury Apt/Condo,3,2,"1,660 sq ft","$3,995",$2.41,
622 River Rd,Luxury Apt/Condo,Studio,1,"1,680 - 2,000 sq ft","$3,684",$1.84 - $2.19,
622 River Rd,Luxury Apt/Condo,1,1,840 sq ft,"$1,840",$2.19,
622 River Rd,Luxury Apt/Condo,2,1,"1,195 sq ft","$2,495",$2.09,
The Exchange Luxury Apartments,Luxury Apt,1,--,N/A (typical for 1-bed),"$1,950+",~ $2.00 - $2.50+,
The Exchange Luxury Apartments,Luxury Apt,2,--,N/A (typical for 2-bed),"$2,350+",~ $1.80 - $2.20+,
,,,,,,,
"Erie County, NY (Various Luxury Areas)",,,,,,,
Buffalo (Downtown/Luxury),,,,,,,
237 Main St (Units),Luxury Apt/Condo,Studio,1,"1,242 sq ft","$2,740",$2.21,
237 Main St (Units),Luxury Apt/Condo,1,1,"1,051 - 1,068 sq ft","$2,085 - $2,285",$1.95 - $2.14,
237 Main St (Units),Luxury Apt/Condo,2,2,"1,428 - 1,765 sq ft","$2,840 - $3,435",$1.99 - $2.09,
237 Main St (Units),Luxury Apt/Condo,3,2,"1,986 - 2,370 sq ft","$3,740 - $4,035",$1.78 - $1.89,
Nineteen North,Luxury Apt,1,1,"873 - 1,058 sq ft","$1,850 - $2,395",$2.12 - $2.26,
Nineteen North,Luxury Apt,2,1-2,"994 - 1,537 sq ft","$2,495 - $2,975",$1.95 - $2.51,
The Lofts at Elk Terminal,Luxury Loft,1,1,"933 - 1,530 sq ft","$1,695 - $2,025",$1.32 - $1.82,
Vistas at Avant,Luxury Apt,Studio,1,N/A,"$2,130 - $3,820",~ $2.50 - $4.00+,
Amherst / Williamsville,,,,,,,
Asher Crossing,Luxury Apt/Townhome,2,2-2.5,"1,079 - 1,254 sq ft","$2,380+",$1.90 - $2.21,
Williams Place,Luxury Apt,2,2,"1,263 sq ft","$2,650",$2.10,
Renaissance Place Apartments,Luxury Apt,1,1,783 - 832 sq ft,"$1,690 - $1,761",$2.03 - $2.16,
Renaissance Place Apartments,Luxury Apt,2,2,"1,003 - 1,344 sq ft","$1,959 - $2,669",$1.95 - $1.98,
Renaissance Place Apartments,Luxury Apt,3,2,"1,284 - 1,344 sq ft","$2,479 - $2,708",$1.84 - $2.11,
The Jonas (Village Walk),Luxury Apt,3,2,"1,650 sq ft","$3,400",$2.06,
The Exchange Luxury Apartments,Luxury Apt,2,2,"1,669 sq ft","$2,400",$1.44,
Maple Brooke & Hunt Club Townhomes,Luxury Townhome,2,2.5,"1,459 sq ft","$2,450",$1.68,
,,,,,,,
"Here is a table summarizing the rental price and estimated price per square foot for new luxury condominiums/apartments in Tonawanda, NY, and various locations within Erie County, NY.",,,,,,,
,,,,,,,
Important Notes:,,,,,,,
"""New luxury condominium"" data is often intertwined with ""new luxury apartment"" data in rental listings.",,,,,,,
,,,,,,,
"""Estimated PPSF"" (Price Per Square Foot) is calculated based on available rent and square footage ranges, and specific unit features or exact square footage can cause variations.",,,,,,,
,,,,,,,
Prices and availability are subject to change.,,,,,,,
,,,,,,,
Comparisons,,,,,,,
prices The Police Apartments,1 Bed,$ per sf,,,,,
"$1,650",619,$32,,,,,
"$1,650",618,$32,,,,,
"$1,850",756,$29,,,,,
"$1,850",832,$27,,,,,
"$1,650",636,$31,,,,,
"$1,775",708,$30,,,,,
,,$30.00,average,,,,
"$2,500",820,$37,Furnished,,,,
,Studios,,,,,,
"$1,260",400,$38,,,,,
"$1,260",424,$36,,,,,
"$1,750",675,$31,,,,,
"$1,900",943,$24,,,,,
"$1,275",431,$35,,,,,
"$1,750",676,$31,Unit311*BALCONY,,,,
,,$33.00,average,,,,
,,,,,,,
"Sale Price per Square Foot for Luxury Condominiums with Water Views in Erie County, NY and Niagara County, NY",,,,,,,
,,,,,,,
"Overview: The market for luxury condominiums in Erie County, NY (including Tonawanda, Amherst, East Amherst, and Buffalo) and Niagara County, NY (including North Tonawanda, Niagara Falls, Youngstown, and Lewiston) with water views (e.g., Lake Erie, Niagara River, Tonawanda Creek, or nearby waterways) is niche, with limited inventory focused on waterfront developments like Waterfront Village in Buffalo or creek-side patio homes in North Tonawanda. Luxury is defined as properties priced above $300,000, aligning with the region's median home prices of $240,000–$270,000. Data from 2024–2025 shows median sale prices per square foot (sq ft) for all homes at $195 in Erie County and similar in Niagara County, but luxury condos with water views range from $250–$450 per sq ft, driven by scenic premiums and amenities. The market is competitive, with condos averaging 9–12 days on market, and prices up 10–18% year-over-year.",,,,,,,
,,,,,,,
"Water-view condos are often townhomes or patio-style units in developments near Lake Erie (e.g., Buffalo waterfront) or the Niagara River. Below is a table of recent sales and listings in these NY counties only, with calculated price per sq ft where available.",,,,,,,
,,,,,,,
Property Address,Location (County),Sale Date,Sale Price,Square Footage,Beds/Baths,Price per Sq Ft,Notes
305 Cardinal Way,"North Tonawanda, NY 14120 (Niagara)","April 17, 2025","$599,900","1,956",2/2,$307,"Ranch-style patio home with HOA ($52/month); modern updates, water view of Tonawanda Creek. Luxury features include high-end finishes."
3945 Forest Park Way,"North Tonawanda, NY 14120 (Niagara)",Pending (2025),"$399,900 (list)","1,600",2/2,$250,"Patio home in Forest Park development; creek views, upscale amenities, HOA-managed."
48 Waterfront Circle,"Buffalo, NY 14202 (Erie)",June 2024,"$2,500,000","5,544",4/4.5,$451,"Three-level townhome condo with direct Lake Erie views; luxury waterfront community, built 2002."
40 Waterfront Circle,"Buffalo, NY 14202 (Erie)",Listed (2025),"$975,000 (list)","2,943",3/2.5,$331,"Townhome-style condo in Waterfront Village; panoramic Lake Erie views, high-end interiors."
1100 Youngs Rd #304,"Amherst, NY 14221 (Erie)","October 1, 2024","$349,900","1,398",2/2,$250,"Condo in Williamsburg Square; partial creek views, luxury amenities like vaulted ceilings and community pool."
65 Henel #4,"Amherst, NY 14221 (Erie)",Listed (2025),"$349,900 (list)","1,200",2/2,$292,"Cloister Square condo; ground-floor with creek views, upscale features including landscaped grounds."
Market Trends and Insights,,,,,,,
"Price per Sq Ft Range: Luxury water-view condos in these counties typically fall between $250–$450 per sq ft, exceeding the county medians ($195 in Erie, similar in Niagara). Lake Erie waterfront (e.g., Buffalo) commands the highest premiums ($300–$450/sq ft), while creek or river views (e.g., Tonawanda Creek in North Tonawanda) are more moderate ($250–$310/sq ft).",,,,,,,
"Erie County (Tonawanda, Amherst, East Amherst, Buffalo): Focus on Buffalo's Waterfront Village for true Lake Erie views, with medians around $339/sq ft in that area. Amherst and East Amherst have more creek-view condos in developments like Williamsburg or Cloister Square. Tonawanda offers limited options, often patio homes near creeks. Overall, 112+ condos listed, but luxury water-view ones are scarce (e.g., 12 waterfront in Buffalo).",,,,,,,
"Niagara County (North Tonawanda, Niagara Falls, Youngstown): Fewer condos overall (17 listed), with water views mainly along Tonawanda Creek or Niagara River. Patio homes in North Tonawanda dominate luxury sales; Niagara Falls has some river-view options, but many waterfront listings are single-family homes rather than condos. Median waterfront prices around $218/sq ft, but luxury exceeds this.",,,,,,,
"Market Dynamics: Sales are quick (9–12 days median), with prices rising 10–18% (e.g., Erie County median up to $309,900). Water views add significant value due to scarcity, especially Lake Erie or Niagara River frontage.",,,,,,,
"Water View Premium: Direct Lake Erie views (e.g., Buffalo waterfront) yield the highest prices; creek views (common in Amherst/North Tonawanda) provide moderate uplifts.",,,,,,,
Notes and Limitations,,,,,,,
"Data Gaps: Inventory is limited for condos specifically (many waterfront properties are single-family); examples focus on confirmed condo/townhome types with water views. No East Amherst-specific luxury condo sales with water views were detailed in sources, as it's more inland.",,,,,,,
Sources: Compiled from real estate platforms and reports; listings may not reflect final sales.,,,,,,,
"Recommendations: For current data, consult agents via sites like Zillow or Redfin. New developments near waterways may emerge in 2025.",,,,,,,
,,,,,,,
"Summary of 3-Star Hotels in Erie County, NY (Buffalo Area)",,,,,,,
,,,,,,,
"Based on recent data, I've compiled a comparison of 5 top 3-star hotels in Erie County, NY (primarily in Buffalo, the main city in the county). Rates are averages for suites or larger rooms closest to 600 sq ft, drawn from 2025-2026 estimates and sources. Room sizes are typical for suites in these hotels, as exact 600 sq ft listings are rare (standard rooms are 300-400 sq ft; suites 500-700 sq ft). Peak rates are for August 2025 (summer high season), while off-peak rates are for January-February 2026 (winter low season, when prices are typically 20-30% lower due to colder weather and reduced tourism). Amenities and feedback are summarized from reviews.",,,,,,,
,,,,,,,
Comparison Table,,,,,,,
Hotel Name,Location,Peak Nightly Rate for Suite (~600 sq ft),Off-Peak Nightly Rate for Suite (~600 sq ft),Estimated Room Size (Suite),Key Amenities,Guest Feedback Highlights,
Wyndham Garden Buffalo Downtown,Downtown Buffalo,$150-$200,$120-$160,~500-600 sq ft,"Free Wi-Fi, breakfast, fitness center, restaurant","""Comfortable beds, convenient downtown location""",
Hampton Inn & Suites Buffalo Downtown,Downtown Buffalo,$160-$220,$130-$175,~500 sq ft,"Free breakfast, indoor pool, gym, business center","""Spacious rooms, friendly staff, great breakfast""",
Residence Inn Buffalo Downtown,Downtown Buffalo,$230-$290,$185-$230,~550-650 sq ft,"Kitchenettes, free breakfast, indoor pool, pet-friendly","""Large rooms with kitchens, perfect for families""",
Courtyard by Marriott Buffalo Downtown/Canalside,"Canalside, Downtown Buffalo",$180-$250,$145-$200,~500-600 sq ft,"Free Wi-Fi, on-site restaurant, fitness center, waterfront views","""Modern rooms, excellent location near attractions""",
Hilton Garden Inn Buffalo Downtown,Downtown Buffalo,$140-$170,$110-$135,~450-550 sq ft,"Free Wi-Fi, indoor pool, restaurant, business center","""Clean, spacious, good value near KeyBank Center""",
Calculations,,,,,,,
Peak Rates (August 2025):,,,,,,,
"Midpoint Rates: Wyndham ($175), Hampton ($190), Residence ($260), Courtyard ($215), Hilton Garden ($155).",,,,,,,
Average Nightly Rate: ($175 + $190 + $260 + $215 + $155) / 5 = $995 / 5 = $199 per night.,,,,,,,
Low-End Average: ($150 + $160 + $230 + $180 + $140) / 5 = $860 / 5 = $172 per night.,,,,,,,
"High-End Average: ($200 + $220 + $290 + $250 + $170) / 5 = $1,130 / 5 = $226 per night.",,,,,,,
"Overall Average Range: $172-$226 (midpoint $199). This aligns with general 3-star averages of $138-$257, adjusted for suites and peak season.",,,,,,,
Off-Peak Rates (January-February 2026):,,,,,,,
"Midpoint Rates: Wyndham ($140), Hampton ($153), Residence ($208), Courtyard ($173), Hilton Garden ($123).",,,,,,,
Average Nightly Rate: ($140 + $153 + $208 + $173 + $123) / 5 = $797 / 5 = $159 per night.,,,,,,,
Low-End Average: ($120 + $130 + $185 + $145 + $110) / 5 = $690 / 5 = $138 per night.,,,,,,,
High-End Average: ($160 + $175 + $230 + $200 + $135) / 5 = $900 / 5 = $180 per night.,,,,,,,
"Overall Average Range: $138-$180 (midpoint $159). Off-peak rates are estimated 20-25% lower than peak, based on seasonal trends and winter review data (e.g., ~$140-170 in Dec-Feb)",,,,,,,